                  epoch,         train/box_loss,         train/cls_loss,         train/dfl_loss,   metrics/precision(B),      metrics/recall(B),       metrics/mAP50(B),    metrics/mAP50-95(B),           val/box_loss,           val/cls_loss,           val/dfl_loss,                 lr/pg0,                 lr/pg1,                 lr/pg2
                      1,                  2.595,                 2.0613,                 1.2376,                0.43485,                 0.5381,                0.40475,                0.14034,                 2.1901,                 4.2222,                 1.0578,             0.00065385,             0.00065385,             0.00065385
                      2,                  2.376,                 1.4488,                 1.1214,                0.30751,                0.47278,                0.23226,                0.07895,                 2.4073,                 2.7697,                 1.1672,              0.0010591,              0.0010591,              0.0010591
                      3,                 2.3015,                 1.4293,                 1.1077,                0.46935,                0.46906,                0.41006,                0.14379,                 2.2618,                  1.558,                 1.0754,              0.0012003,              0.0012003,              0.0012003
                      4,                 2.2374,                 1.3778,                 1.0784,                0.51435,                0.52255,                0.48143,                0.17451,                 2.2277,                 1.5459,                 1.0733,               0.000812,               0.000812,               0.000812
                      5,                 2.2228,                 1.3761,                 1.0805,                0.50257,                0.50233,                0.46074,                0.15555,                 2.3455,                 1.4702,                 1.0925,               0.000812,               0.000812,               0.000812
